construction,board,size_B,metric,n,mean,sd,ci_low,ci_high
idle,receiver,0,avg_power_W,3,1.9900000000000002,0.062449979983983946,1.8348531286167848,2.145146871383216
idle,sender,0,avg_power_W,3,1.81,0.13527749258468683,1.4739249564457366,2.1460750435542635
baseline,receiver,16,avg_power_W,3,3.393519061583578,0.05611489631609071,3.2541106806094326,3.5329274425577237
baseline,receiver,16,raw_energy_mJ_per_op,3,4.20952380952381,0.016495721976846393,4.1685428571428575,4.250504761904762
baseline,receiver,16,net_energy_mJ_per_op,3,1.7404497354497355,0.034569877431544035,1.6545664680895091,1.8263330028099618
baseline,receiver,1024,avg_power_W,3,3.393087250725001,0.09592091190935373,3.154787264291413,3.6313872371585894
baseline,receiver,1024,raw_energy_mJ_per_op,3,4.418410041841004,0.046017496518385444,4.30408701698901,4.532733066692998
baseline,receiver,1024,net_energy_mJ_per_op,3,1.826136680613668,0.09156851269115893,1.598649525855716,2.05362383537162
baseline,sender,16,avg_power_W,3,3.5464392059553353,0.013589992154340947,3.512677069195497,3.5802013427151738
baseline,sender,16,raw_energy_mJ_per_op,3,4.419047619047619,0.08247860988423196,4.214142857142858,4.623952380952381
baseline,sender,16,net_energy_mJ_per_op,3,2.163730158730159,0.04572468741890471,2.0501345707117498,2.277325746748568
baseline,sender,1024,avg_power_W,3,3.5384477239133356,0.03557102672045487,3.4500772631224326,3.6268181847042387
baseline,sender,1024,raw_energy_mJ_per_op,3,4.619246861924686,0.09203499303677011,4.3906008122207005,4.847892911628671
baseline,sender,1024,net_energy_mJ_per_op,3,2.2564016736401675,0.06073071499704323,2.105526037954241,2.407277309326094
main,receiver,16,avg_power_W,3,3.553646353646354,0.046155143539506026,3.4389813670405287,3.6683113402521794
main,receiver,16,raw_energy_mJ_per_op,3,7.902857142857143,0.14846149779161805,7.534028571428571,8.271685714285715
main,receiver,16,net_energy_mJ_per_op,3,3.4774761904761906,0.11907829128679341,3.181645441650599,3.7733069393017824
main,receiver,1024,avg_power_W,3,3.464050277208172,0.113205134310049,3.1828104366633845,3.745290117752959
main,receiver,1024,raw_energy_mJ_per_op,3,106.93069306930693,0.7128712871287135,105.1596796930767,108.70170644553716
main,receiver,1024,net_energy_mJ_per_op,3,45.45742574257425,2.0722637456809356,40.30922174145665,50.60562974369185
main,sender,16,avg_power_W,3,3.4385061086437707,0.022508660923089154,3.382586982294354,3.4944252349931872
main,sender,16,raw_energy_mJ_per_op,3,7.662857142857143,0.05142857142857071,7.535091177857678,7.790623107856607
main,sender,16,net_energy_mJ_per_op,3,3.6291428571428574,0.044538678444145725,3.518493716535856,3.739791997749859
main,sender,1024,avg_power_W,3,3.1874425469112375,0.05706240082209753,3.0456802442902613,3.3292048495322137
main,sender,1024,raw_energy_mJ_per_op,3,98.85148514851485,1.483959920411503,95.16482681861666,102.53814347841305
main,sender,1024,net_energy_mJ_per_op,3,42.699669966996694,0.7464646166515149,40.84519939868819,44.5541405353052
pqae_sha,receiver,16,avg_power_W,3,3.4260975416126387,0.06814691386019966,3.256797559730451,3.5953975234948263
pqae_sha,receiver,16,raw_energy_mJ_per_op,3,4.304761904761905,0.08728715609439665,4.0879110877807445,4.521612721743065
pqae_sha,receiver,16,net_energy_mJ_per_op,3,1.804100529100529,0.07573314019897331,1.6159537952679401,1.9922472629331178
pqae_sha,receiver,1024,avg_power_W,3,3.493798745154818,0.049568574514176934,3.370653641557144,3.6169438487524914
pqae_sha,receiver,1024,raw_energy_mJ_per_op,3,6.296296296296297,0.051320023927967064,6.168799999999999,6.423792592592594
pqae_sha,receiver,1024,net_energy_mJ_per_op,3,2.7093827160493826,0.03891709735312083,2.612699484138,2.8060659479607653
pqae_sha,sender,16,avg_power_W,3,3.5399246858128035,0.0785007579395289,3.3449022534813198,3.7349471181442873
pqae_sha,sender,16,raw_energy_mJ_per_op,3,4.447619047619048,0.1003395595509781,4.198341646020256,4.6968964492178396
pqae_sha,sender,16,net_energy_mJ_per_op,3,2.1731481481481483,0.08689705457354895,1.9572664752803552,2.3890298210159413
pqae_sha,sender,1024,avg_power_W,3,3.568783216783217,0.10086531769424305,3.3181996541407752,3.8193667794256587
pqae_sha,sender,1024,raw_energy_mJ_per_op,3,6.45925925925926,0.0678900102956427,6.290597512718356,6.627921005800164
pqae_sha,sender,1024,net_energy_mJ_per_op,3,3.1818930041152265,0.11582670607229176,2.894140292675639,3.469645715554814
main/baseline,receiver,16,ratio[raw_energy_mJ_per_op],3,1.8773755656108597,,,
main/baseline,receiver,1024,ratio[raw_energy_mJ_per_op],3,24.2011701170117,,,
main/baseline,sender,16,ratio[raw_energy_mJ_per_op],3,1.734051724137931,,,
main/baseline,sender,1024,ratio[raw_energy_mJ_per_op],3,21.399913904433923,,,
main/baseline,receiver,16,ratio[raw_energy_mJ_per_op],3,1.0226244343891402,,,
main/baseline,receiver,1024,ratio[raw_energy_mJ_per_op],3,1.4250140291806959,,,
main/baseline,sender,16,ratio[raw_energy_mJ_per_op],3,1.0064655172413792,,,
main/baseline,sender,1024,ratio[raw_energy_mJ_per_op],3,1.398336017176597,,,
main/baseline,receiver,16,ratio[net_energy_mJ_per_op],3,1.998033105838362,,,
main/baseline,receiver,1024,ratio[net_energy_mJ_per_op],3,24.892674368327356,,,
main/baseline,sender,16,ratio[net_energy_mJ_per_op],3,1.677262223526391,,,
main/baseline,sender,1024,ratio[net_energy_mJ_per_op],3,18.923789352678032,,,
main/baseline,receiver,16,ratio[net_energy_mJ_per_op],3,1.0365714633145358,,,
main/baseline,receiver,1024,ratio[net_energy_mJ_per_op],3,1.483669182494545,,,
main/baseline,sender,16,ratio[net_energy_mJ_per_op],3,1.0043526635611146,,,
main/baseline,sender,1024,ratio[net_energy_mJ_per_op],3,1.4101624906978547,,,
