order,rep,construction,size_B,n_trials,s_start_mwh,s_start_time,s_end_mwh,s_end_time,r_start_mwh,r_start_time,r_end_mwh,r_end_time,notes
1,0,idle_swap,0,0,0,00:00:00T,60,00:02:00T,0,00:00:00T,64,00:02:00T,METERS SWAPPED between the boards
2,0,idle_swap,0,0,0,00:00:00T,60,00:02:00T,0,00:00:00T,67,00:02:00T,METERS SWAPPED between the boards
3,1,main,16,70000,611,00:19:42T,759,00:22:17T,675,00:19:41T,827,00:22:15T,
4,1,baseline,16,126000,1088,00:33:15T,1241,00:35:50T,1192,00:33:13T,1339,00:35:47T,
5,1,pqae_sha,16,126000,1375,00:40:13T,1531,00:42:55T,1490,00:40:10T,1644,00:42:51T,
6,1,main,1024,5050,1719,00:49:00T,1860,00:51:42T,1849,00:48:56T,1999,00:51:38T,
7,1,pqae_sha,1024,81000,2012,00:56:30T,2156,00:59:00T,2173,00:56:26T,2316,00:58:55T,
8,1,baseline,1024,119500,2510,01:07:57T,2666,01:10:36T,2680,01:07:51T,2825,01:10:30T,
9,1,idle,0,0,0,00:00:00T,65,00:02:00T,0,00:00:00T,67,00:02:00T,
10,2,idle,0,0,0,00:00:00T,60,00:02:00T,0,00:00:00T,68,00:02:00T,
11,2,baseline,16,126000,193,00:06:28T,346,00:09:04T,216,00:06:28T,363,00:09:03T,
12,2,baseline,1024,119500,514,00:14:30T,668,00:17:05T,552,00:14:28T,700,00:17:03T,
13,2,pqae_sha,16,126000,765,00:20:19T,917,00:22:54T,817,00:20:17T,967,00:22:52T,
14,2,main,16,70000,1045,00:26:57T,1194,00:29:34T,1106,00:26:54T,1263,00:29:31T,
15,2,pqae_sha,1024,81000,1313,00:33:25T,1460,00:35:52T,1396,00:33:22T,1537,00:35:48T,
16,2,main,1024,5050,1741,00:43:03T,1878,00:45:38T,1850,00:42:58T,2001,00:45:32T,
17,3,baseline,1024,119500,2001,00:49:30T,2151,00:52:04T,2135,00:49:25T,2282,00:51:58T,
18,3,main,1024,5050,2192,00:53:09T,2330,00:55:42T,2325,00:53:03T,2474,00:55:35T,
19,3,pqae_sha,16,126000,2383,00:57:17T,2542,00:59:55T,2533,00:57:10T,2681,00:59:49T,
20,3,main,16,70000,2571,01:00:49T,2721,01:03:25T,2717,01:00:42T,2869,01:03:18T,
21,3,pqae_sha,1024,81000,2756,01:04:22T,2901,01:06:45T,2902,01:04:15T,3043,01:06:38T,
22,3,baseline,16,126000,2931,01:07:36T,3089,01:10:16T,3077,01:07:29T,3225,01:10:09T,
23,3,idle,0,0,0,00:00:00T,56,00:02:00T,0,00:00:00T,64,00:02:00T,
